.rownames	aa	A	R	N	D	C	Q	E	G	H	I	L	K	M	F	P	S	T	W	Y	V	.fittedPC1	.fittedPC2	.fittedPC3	.fittedPC4	.fittedPC5	.fittedPC6	.fittedPC7	.fittedPC8	.fittedPC9	.fittedPC10	.fittedPC11	.fittedPC12	.fittedPC13	.fittedPC14	.fittedPC15	.fittedPC16	.fittedPC17	.fittedPC18	.fittedPC19	.fittedPC20	chem_class
1	A	4	-1	-2	-2	0	-1	-1	0	-2	-1	-1	-1	-1	-2	-1	1	0	-3	-2	0	-0.11514109618991653	-2.5777906852989108	-1.1019987133251639	-0.8813393949301551	-1.080540454023264	0.18134501418542032	-0.494311147652705	-1.4232647480897478	1.2168911497644124	-0.3967042260072341	-0.12614369328898212	0.33819112476807267	-0.16056144745195608	0.23980108340332845	-0.40963162425325195	-0.23603386631619355	0.24930866603513913	-0.12078356753423011	0.01374736497468737	-1.0547118733938987e-15	Hydrophobic
2	R	-1	5	0	-2	-3	1	0	-2	0	-3	-2	2	-1	-3	-2	-1	-1	-3	-2	-3	-2.3263982633606286	0.4543555022595388	1.7718806169634385	0.03787768041761151	-1.9053891124446358	-0.362563358958387	-0.41148888393460936	0.2973788722682056	-0.9522312036022818	-0.8714797154312097	0.06455056801425041	0.7151075744998858	0.33999572978362747	0.1249623204001053	-0.22734972200665696	0.21915711211682018	-0.19823218599962167	0.15520070123146906	-0.017011184786260958	4.996003610813204e-16	Basic
3	N	-2	0	6	1	-3	0	0	0	1	-3	-3	0	-2	-3	-2	1	0	-4	-2	-3	-3.3401982815560736	0.3787210923219374	-0.27533945672775034	-1.2106902176632506	1.0534884212632392	-0.003232936898763805	-0.43133905225025426	0.9278107156637587	-1.4201179899974605	0.47736260047373236	0.04327592611812145	-0.4142154880041596	0.06297309859431927	0.49359646550964453	-0.3028980720032681	-0.3974166905561456	-0.023835829544108178	-0.03167205309710515	-2.551243736480524e-4	-6.938893903907228e-16	Neutral
4	D	-2	-2	1	6	-3	0	2	-1	-1	-3	-4	-1	-3	-3	-1	0	-1	-4	-3	-3	-3.2438601213336473	0.3928628213922413	-1.022434260258615	0.9507053885633339	2.03186452162099	0.0527684297319633	0.08437070795444687	1.4342678237930986	0.7963047425409815	-0.20215114236234755	0.2918347169283154	0.38221953754873506	0.038785611167922535	-0.17520164312896322	-0.2858611591789152	0.299284085788609	0.3425586081526282	-0.05353637764304835	-0.009613021215586048	-9.71445146547012e-16	Acidic
5	C	0	-3	-3	-3	9	-3	-4	-3	-3	-1	-1	-3	-1	-2	-3	-1	-1	-2	-2	-1	2.597337765340148	-1.356844080776995	-2.3276549787824776	-0.1312751440772865	-1.1264636853029035	-2.6717936143795686	0.09727245482473379	1.3658385241888524	0.4566329394246914	0.2059594054636173	0.041767412225111857	-0.170391414172192	0.16512018854979674	-0.10138211432409788	0.08868106307174871	-0.07706037403450133	-0.06730013386873178	0.04072145148106028	7.40439003977824e-4	1.1015494072452725e-15	sulphur
6	Q	-1	1	0	0	-3	5	2	-2	0	-3	-2	1	0	-3	-1	0	-1	-2	-1	-2	-2.6366852991886023	0.33214973626331135	2.0179937625937603	0.27271667626543594	-0.6162728796150514	0.1716532469313634	0.3715661594738796	0.1597512512014197	1.0248951817023269	0.8271065831387947	-0.6370558380838705	-0.13397112778786266	0.7018123419217778	0.23970988492460873	0.22178787601485284	0.09519661992752217	-0.05457682326145029	-0.33864589851909194	0.005550398217744668	-4.85722573273506e-16	Neutral
7	E	-1	0	0	2	-4	2	5	-2	0	-3	-3	1	-2	-3	-1	0	-1	-3	-2	-2	-3.3350196453141794	0.3299154825839822	1.101794887362838	0.684341422726154	0.6359975378109675	0.2372645989148506	0.2700714915665527	0.3583155371107687	1.387579364818758	-0.5283480996929559	-0.19394564641938777	0.074138995041137	-0.252957773773932	0.02052136884512583	0.2619083546823724	-0.4110563719945817	-0.2541878174091268	0.34663852781374327	0.009098453461122369	-2.42861286636753e-16	Acidic
8	G	0	-2	0	-1	-3	-2	-2	6	-2	-4	-4	-2	-3	-3	-2	0	-2	-2	-3	-3	-1.8630563680219392	0.27575636103987405	-3.553339447851847	0.08840049862519483	-0.8158478084422329	1.6276315699556	-1.6436643464891134	0.04109051527082354	-0.3976784086342385	-0.0011897488926671251	-0.35966999981696635	-0.12646468663455768	0.3089583990620628	-0.28248612315428345	0.30998320965551207	0.05549001239109781	0.00902513666912741	0.08051830393229549	0.007790019557114558	-1.3877787807814457e-16	Polar
9	H	-2	0	1	-1	-3	0	0	-2	8	-3	-3	-1	-2	-1	-2	-1	-2	-2	2	-3	-1.6129261949504643	3.068472541313537	0.5354674508055293	-0.9290406016548626	0.7758886270833565	-1.5136107139134634	-0.9837716001250862	-1.0029169766004906	-0.34915008474686654	0.15951349702435358	-0.8497872397856818	0.2865974252215367	-0.5821755888732413	-0.2988771873253805	0.14623025505195061	0.0514150432152065	0.011734525115013605	-0.13953037877996272	-0.0018196037617995708	2.498001805406602e-16	Basic
10	I	-1	-3	-3	-3	-1	-3	-3	-4	-3	4	2	-3	1	0	-3	-2	-1	-3	-1	3	4.133880219389999	-1.3933822920347638	0.6031706680936371	0.4591482675439667	1.1403777444396126	0.15735269030973348	-0.770756604610843	0.37584613318322613	-0.21538115131972824	-0.5216014141095333	-0.1734077941274611	-0.08556688894907793	-0.17865508395631163	0.2812840638054209	-0.037410964716163064	0.3089023271931158	-0.2768796390181487	-0.05941728425531876	0.0613501780424035	4.440892098500626e-16	Hydrophobic
11	L	-1	-2	-3	-4	-1	-2	-3	-4	-3	2	4	-2	2	0	-3	-2	-1	-2	-1	1	3.8275528915135917	-1.0592261221889745	1.252536268910965	0.3354221492998543	-0.026374348684094384	0.2565865466338742	-0.4792131520107913	0.460590987246405	-0.4572987314752195	0.14756376266432655	0.11058968953759901	0.3554535425990035	-0.22478300946488539	0.4564075344900716	0.5178665337595184	-0.06004331214997054	0.4702526592719185	0.05749331022771325	-0.02220796748559961	4.440892098500626e-16	Hydrophobic
12	K	-1	2	0	-1	-3	1	1	-2	-1	-3	-2	5	-1	-3	-1	0	-1	-3	-2	-2	-2.667668058814491	-0.1427344847603767	1.7970285348928976	0.38715262067160433	-1.3902092442631409	0.010421671888329258	-0.004165365679115927	0.22456584379441993	-0.2686421554219615	-0.7387173634198749	0.8973496458183847	-0.8230871200524091	-0.40728576434367897	-0.34784348606755255	0.07676154194961252	0.0035034228221990683	0.20425831724741483	-0.167730260194189	0.013630208233967156	-6.314393452555578e-16	Basic
13	M	-1	-1	-2	-3	-1	0	-2	-3	-2	1	2	-1	5	0	-2	-1	-1	-1	-1	1	2.604304033054958	-1.0147642331755022	2.0932866022000227	0.05458841905582974	-0.4378447260135495	0.6427783665818771	-0.28528914023328694	0.3398230799813543	-0.09423285413001517	1.5982829916503105	-0.04182401710562797	0.16013711198235359	-0.06521332350402347	-0.5778016281105571	-0.3161562931358599	-0.07909860295055343	0.03658633714161211	0.18619020943023823	0.012792191905986683	-3.885780586188048e-16	sulphur
14	F	-2	-3	-3	-3	-2	-3	-3	-3	-1	0	0	-3	0	6	-4	-2	-2	1	3	-1	3.7138172740693194	2.294081356477781	-0.2818538002840222	-0.5495176327842191	0.6504639348359588	0.4345125538974985	-0.12634409241446445	-0.22185494980566328	0.19115703107406465	-0.1762834874930313	1.3010085006029455	0.46490391033766365	0.30524786604641074	-0.2001147814503854	0.09968602639205985	-0.2764519998995464	-0.2548331471291041	-0.24875159978424144	-0.006800693658864199	4.49293380277993e-16	Hydrophobic
15	P	-1	-2	-2	-1	-3	-1	-1	-2	-2	-3	-3	-1	-2	-4	7	-1	-1	-4	-3	-2	-1.5193425428426077	-0.840639076101897	-1.0689941136584311	3.33000604443224	0.37519247494434926	-0.6796151382090304	0.5166381243444694	-1.7209874354627137	-0.8264534666072607	0.5575934782935139	0.3535282940078078	0.02386014102136766	0.04846757305071227	0.10929565543226231	-0.018234208943515212	-0.04646252432252844	-0.06082943504598161	0.012218437783725753	1.1912272602171425e-4	-4.926614671774132e-16	Hydrophobic
16	S	1	-1	1	0	-1	0	0	0	-1	-2	-2	0	-1	-2	-1	4	1	-3	-2	-2	-2.1876552707546963	-1.7951034199478197	-0.772941013452316	-1.7441420476400389	0.02966637359260603	0.33900955516163905	0.4966320780592932	-0.4790471437030639	0.42517871739728175	0.8026631779504521	0.7388917204585423	-0.0948285704410495	-0.47296296930617837	0.21341956248794133	0.1354759841004437	0.41226105021404785	-0.2790297338599747	0.0812850681070208	-0.02439235778389287	2.5673907444456745e-16	Polar
17	T	0	-1	0	-1	-1	-1	-1	-2	-2	-1	-1	-1	-1	-2	-1	1	5	-2	-2	0	-0.4362815879468568	-2.3899198819454934	-0.26697429517702465	-1.4284769600830085	0.7459975033039432	0.17827129818894707	2.314345326640902	-0.33454327137828177	-1.0315354071169653	-0.5324359437684538	-0.4368131278436154	0.22651375586465813	0.27805190089012694	-0.3406708269908659	0.18804889193222626	-0.038327025639593275	0.10702012477964253	0.0021405767608317673	0.017131440221966665	3.0531133177191805e-16	Polar
18	W	-3	-3	-4	-4	-2	-2	-3	-2	-2	-3	-2	-3	-1	1	-4	-3	-2	11	2	-3	2.805692966680747	3.7589112218969576	-1.511096530273396	0.6642132190098571	-1.3370876135083765	0.9852104759192216	1.7230777037601943	0.6096112673390092	-0.03907634193610446	0.026870690890511723	-0.5500383903884432	-0.02934970915452867	-0.522207649633101	0.19306224750228113	-0.18175481383949657	0.017826461537103	-0.03736885530680778	-0.05878187717332854	-0.003632011411924263	1.0269562977782698e-15	Hydrophobic
19	Y	-2	-2	-2	-3	-2	-1	-2	-3	2	-1	-1	-2	-1	3	-3	-2	-2	2	7	-1	2.317722039496652	3.3061761752484733	0.3745671007262531	-0.8515750738477769	0.45403897950299454	-0.40041837041441236	0.1389423124541391	-1.1873587435704365	0.43324292235950357	-0.15715040650690226	0.22882284195476393	-0.5795697169448912	0.5487793629802058	0.14107556695416903	-0.09781803852598538	0.17571953029286383	0.25173320399865784	0.32376653844123127	0.006835903621993055	8.101158632811689e-16	Polar
20	V	0	-3	-3	-3	-1	-2	-2	-3	-3	3	1	-2	1	-1	-2	-2	0	-3	-1	4	3.283925540728687	-2.020998014566901	0.6349007172417007	0.4614846860695156	0.8430537538992297	0.35642811447330686	-0.38257297367834026	-0.22491728243094405	0.11991574590608163	-0.6768546398654027	-0.7029335688058073	-0.5696783967436849	0.06861053826034494	-0.18875796320287255	-0.16931484000718539	-0.016804897634970797	-0.1754039779680992	-0.06732382822881261	-0.06305375548941061	5.551115123125783e-17	Hydrophobic
